<?xml version="1.0"?>
<!DOCTYPE hibernate-mapping PUBLIC
"-//Hibernate/Hibernate Mapping DTD 3.0//EN"
"http://hibernate.sourceforge.net/hibernate-mapping-3.0.dtd">

<hibernate-mapping>
<class name="associationexample.Vendor" table="vendor">

<id name="vendorId" column="vendid"  />
<property name="vendorName" column="vendname" length="10"/>

<set name="children" cascade="all" >

<key column="forevenid" />
<one-to-many class="associationexample.Customer" />

</set>

</class>
</hibernate-mapping>